Workbook

Sheet Project Charter
A1: FINANCE REPORTING MIGRATION | PROJECT CHARTER
A2: Project type | B2: Simulated retail finance reporting migration
A3: Purpose | B3: Replace manually maintained reports with a controlled reporting workflow
A4: Duration | B4: 12 weeks | 12 Oct 2026 – 1 Jan 2027
A5: Your role | B5: Project Data Analyst supporting Project Manager
A6: Workstreams | B6: Requirements; Data & Reporting; UAT; Deployment
A7: Success criteria | B7: Approved requirements; reconciled reporting; UAT sign-off; documented handover
A8: Assumptions | B8: Entirely simulated; fictional team, dates, issues and outcomes
A9: Scope | B9: Reporting specifications, data validation, test coordination, milestone tracking
A10: Out of scope | B10: Live NEXT systems, actual finance data, automated production changes
A11: Tool focus | B11: Google Sheets, Asana, project controls, UAT
A12: NEXT role reference | B12: https://careers.next.co.uk/jobs/77573
A13: Next build step | B13: Import workbook into Google Sheets; add QUERY, XLOOKUP, pivots and conditional formatting

Sheet Milestones
A1: ID | B1: Milestone | C1: Workstream | D1: Due Date | E1: Owner | F1: Status | G1: Acceptance Evidence | H1: Total Tasks | I1: Completed Tasks | J1: Completion % | K1: Milestone Health | L1: Reporting Date
A2: M01 | B2: Requirements signed off | C2: Requirements & Planning | D2: 46318 | E2: Project Manager | F2: Not Started | G2: Business requirements approved | H2: =COUNTIF('Task Register'!D$2:D1000,A2) -> 4 | I2: =COUNTIFS('Task Register'!D$2:D1000,A2,'Task Register'!H$2:H1000,"Done") -> 1 | J2: =IFERROR(I2/H2,0) -> 0.25 | K2: =IF(F2="Done","Completed", IF(COUNTIFS('Risk and Issue Log'!H$2:H1000,A2,'Risk and Issue Log'!G$2:G1000,"Open",'Risk and Issue Log'!D$2:D1000,"Critical")>0,"Critical Risk", IF(AND(D2<$L$2,J2<1),"Overdue", IF(D2<=$L$2+7,"Due Soon","On Track")))) -> On Track | L2: 46304
A3: M02 | B3: Source-to-target mapping approved | C3: Data & Reporting | D3: 46332 | E3: Data Lead | F3: Not Started | G3: Mappings reviewed | H3: =COUNTIF('Task Register'!D$2:D1000,A3) -> 2 | I3: =COUNTIFS('Task Register'!D$2:D1000,A3,'Task Register'!H$2:H1000,"Done") -> 0 | J3: =IFERROR(I3/H3,0) -> 0 | K3: =IF(F3="Done","Completed", IF(COUNTIFS('Risk and Issue Log'!H$2:H1000,A3,'Risk and Issue Log'!G$2:G1000,"Open",'Risk and Issue Log'!D$2:D1000,"Critical")>0,"Critical Risk", IF(AND(D3<$L$2,J3<1),"Overdue", IF(D3<=$L$2+7,"Due Soon","On Track")))) -> On Track
A4: M03 | B4: First reconciled report | C4: Data & Reporting | D4: 46346 | E4: Reporting Analyst | F4: Not Started | G4: Totals matched | H4: =COUNTIF('Task Register'!D$2:D1000,A4) -> 3 | I4: =COUNTIFS('Task Register'!D$2:D1000,A4,'Task Register'!H$2:H1000,"Done") -> 0 | J4: =IFERROR(I4/H4,0) -> 0 | K4: =IF(F4="Done","Completed", IF(COUNTIFS('Risk and Issue Log'!H$2:H1000,A4,'Risk and Issue Log'!G$2:G1000,"Open",'Risk and Issue Log'!D$2:D1000,"Critical")>0,"Critical Risk", IF(AND(D4<$L$2,J4<1),"Overdue", IF(D4<=$L$2+7,"Due Soon","On Track")))) -> Critical Risk
A5: M04 | B5: UAT execution complete | C5: User Acceptance Testing | D5: 46367 | E5: UAT Lead | F5: Not Started | G5: All priority tests resolved | H5: =COUNTIF('Task Register'!D$2:D1000,A5) -> 5 | I5: =COUNTIFS('Task Register'!D$2:D1000,A5,'Task Register'!H$2:H1000,"Done") -> 0 | J5: =IFERROR(I5/H5,0) -> 0 | K5: =IF(F5="Done","Completed", IF(COUNTIFS('Risk and Issue Log'!H$2:H1000,A5,'Risk and Issue Log'!G$2:G1000,"Open",'Risk and Issue Log'!D$2:D1000,"Critical")>0,"Critical Risk", IF(AND(D5<$L$2,J5<1),"Overdue", IF(D5<=$L$2+7,"Due Soon","On Track")))) -> On Track
A6: M05 | B6: Go-live approval | C6: Deployment & Handover | D6: 46374 | E6: Project Manager | F6: Not Started | G6: Go/no-go decision | H6: =COUNTIF('Task Register'!D$2:D1000,A6) -> 2 | I6: =COUNTIFS('Task Register'!D$2:D1000,A6,'Task Register'!H$2:H1000,"Done") -> 0 | J6: =IFERROR(I6/H6,0) -> 0 | K6: =IF(F6="Done","Completed", IF(COUNTIFS('Risk and Issue Log'!H$2:H1000,A6,'Risk and Issue Log'!G$2:G1000,"Open",'Risk and Issue Log'!D$2:D1000,"Critical")>0,"Critical Risk", IF(AND(D6<$L$2,J6<1),"Overdue", IF(D6<=$L$2+7,"Due Soon","On Track")))) -> Critical Risk
A7: M06 | B7: Handover completed | C7: Deployment & Handover | D7: 46388 | E7: Operations Lead | F7: Not Started | G7: SOPs and owners agreed | H7: =COUNTIF('Task Register'!D$2:D1000,A7) -> 2 | I7: =COUNTIFS('Task Register'!D$2:D1000,A7,'Task Register'!H$2:H1000,"Done") -> 0 | J7: =IFERROR(I7/H7,0) -> 0 | K7: =IF(F7="Done","Completed", IF(COUNTIFS('Risk and Issue Log'!H$2:H1000,A7,'Risk and Issue Log'!G$2:G1000,"Open",'Risk and Issue Log'!D$2:D1000,"Critical")>0,"Critical Risk", IF(AND(D7<$L$2,J7<1),"Overdue", IF(D7<=$L$2+7,"Due Soon","On Track")))) -> On Track

Sheet Task Register
A1: Task ID | B1: Task | C1: Workstream | D1: Milestone | E1: Start | F1: Due | G1: Owner | H1: Status | I1: Priority | J1: Dependency | K1: Data Type | L1: Days to Due | M1: Delivery Alert | N1: Dependency Status
A2: T001 | B2: Confirm finance report inventory | C2: Requirements & Planning | D2: M01 | E2: 46307 | F2: 46311 | G2: Business Analyst | H2: Done | I2: High | K2: Simulated | L2: =F2-TODAY() -> 7 | M2: =IF(H2="Done","Completed",IF(F2<TODAY(),"Overdue",IF(F2<=TODAY()+7,"Due Soon","On Track"))) -> Completed | N2: =IF(J2="","No Dependency",IFERROR(IF(_xlfn.XLOOKUP(J2,$A$2:$A1000,$H$2:$H1000)="Done","Ready","Blocked"),"Invalid Dependency")) -> No Dependency
A3: T002 | B3: Interview finance stakeholders | C3: Requirements & Planning | D3: M01 | E3: 46309 | F3: 46315 | G3: Business Analyst | H3: In Progress | I3: High | K3: Simulated | L3: =F3-TODAY() -> 11 | M3: =IF(H3="Done","Completed",IF(F3<TODAY(),"Overdue",IF(F3<=TODAY()+7,"Due Soon","On Track"))) -> On Track | N3: =IF(J3="","No Dependency",IFERROR(IF(_xlfn.XLOOKUP(J3,$A$2:$A1001,$H$2:$H1001)="Done","Ready","Blocked"),"Invalid Dependency")) -> No Dependency
A4: T003 | B4: Document KPI definitions | C4: Requirements & Planning | D4: M01 | E4: 46311 | F4: 46317 | G4: Reporting Analyst | H4: In Progress | I4: High | J4: T002 | K4: Simulated | L4: =F4-TODAY() -> 13 | M4: =IF(H4="Done","Completed",IF(F4<TODAY(),"Overdue",IF(F4<=TODAY()+7,"Due Soon","On Track"))) -> On Track | N4: =IF(J4="","No Dependency",IFERROR(IF(_xlfn.XLOOKUP(J4,$A$2:$A1002,$H$2:$H1002)="Done","Ready","Blocked"),"Invalid Dependency")) -> Blocked
A5: T004 | B5: Approve scope and acceptance criteria | C5: Requirements & Planning | D5: M01 | E5: 46316 | F5: 46318 | G5: Project Manager | H5: Not Started | I5: Critical | J5: T003 | K5: Simulated | L5: =F5-TODAY() -> 14 | M5: =IF(H5="Done","Completed",IF(F5<TODAY(),"Overdue",IF(F5<=TODAY()+7,"Due Soon","On Track"))) -> On Track | N5: =IF(J5="","No Dependency",IFERROR(IF(_xlfn.XLOOKUP(J5,$A$2:$A1003,$H$2:$H1003)="Done","Ready","Blocked"),"Invalid Dependency")) -> Blocked
A6: T005 | B6: Profile legacy report extracts | C6: Data & Reporting | D6: M02 | E6: 46315 | F6: 46322 | G6: Data Lead | H6: In Progress | I6: High | J6: T001 | K6: Simulated | L6: =F6-TODAY() -> 18 | M6: =IF(H6="Done","Completed",IF(F6<TODAY(),"Overdue",IF(F6<=TODAY()+7,"Due Soon","On Track"))) -> On Track | N6: =IF(J6="","No Dependency",IFERROR(IF(_xlfn.XLOOKUP(J6,$A$2:$A1004,$H$2:$H1004)="Done","Ready","Blocked"),"Invalid Dependency")) -> Ready
A7: T006 | B7: Prepare source-to-target mapping | C7: Data & Reporting | D7: M02 | E7: 46319 | F7: 46327 | G7: Data Lead | H7: Not Started | I7: Critical | J7: T005 | K7: Simulated | L7: =F7-TODAY() -> 23 | M7: =IF(H7="Done","Completed",IF(F7<TODAY(),"Overdue",IF(F7<=TODAY()+7,"Due Soon","On Track"))) -> On Track | N7: =IF(J7="","No Dependency",IFERROR(IF(_xlfn.XLOOKUP(J7,$A$2:$A1005,$H$2:$H1005)="Done","Ready","Blocked"),"Invalid Dependency")) -> Blocked
A8: T007 | B8: Define reconciliation controls | C8: Data & Reporting | D8: M03 | E8: 46322 | F8: 46331 | G8: Reporting Analyst | H8: Not Started | I8: High | J8: T006 | K8: Simulated | L8: =F8-TODAY() -> 27 | M8: =IF(H8="Done","Completed",IF(F8<TODAY(),"Overdue",IF(F8<=TODAY()+7,"Due Soon","On Track"))) -> On Track | N8: =IF(J8="","No Dependency",IFERROR(IF(_xlfn.XLOOKUP(J8,$A$2:$A1006,$H$2:$H1006)="Done","Ready","Blocked"),"Invalid Dependency")) -> Blocked
A9: T008 | B9: Build reporting prototype | C9: Data & Reporting | D9: M03 | E9: 46329 | F9: 46340 | G9: Reporting Analyst | H9: Not Started | I9: High | J9: T006 | K9: Simulated | L9: =F9-TODAY() -> 36 | M9: =IF(H9="Done","Completed",IF(F9<TODAY(),"Overdue",IF(F9<=TODAY()+7,"Due Soon","On Track"))) -> On Track | N9: =IF(J9="","No Dependency",IFERROR(IF(_xlfn.XLOOKUP(J9,$A$2:$A1007,$H$2:$H1007)="Done","Ready","Blocked"),"Invalid Dependency")) -> Blocked
A10: T009 | B10: Reconcile balances and totals | C10: Data & Reporting | D10: M03 | E10: 46336 | F10: 46346 | G10: Data Lead | H10: Not Started | I10: Critical | J10: T008 | K10: Simulated | L10: =F10-TODAY() -> 42 | M10: =IF(H10="Done","Completed",IF(F10<TODAY(),"Overdue",IF(F10<=TODAY()+7,"Due Soon","On Track"))) -> On Track | N10: =IF(J10="","No Dependency",IFERROR(IF(_xlfn.XLOOKUP(J10,$A$2:$A1008,$H$2:$H1008)="Done","Ready","Blocked"),"Invalid Dependency")) -> Blocked
A11: T010 | B11: Write UAT scenarios | C11: User Acceptance Testing | D11: M04 | E11: 46336 | F11: 46347 | G11: UAT Lead | H11: Not Started | I11: High | J11: T004 | K11: Simulated | L11: =F11-TODAY() -> 43 | M11: =IF(H11="Done","Completed",IF(F11<TODAY(),"Overdue",IF(F11<=TODAY()+7,"Due Soon","On Track"))) -> On Track | N11: =IF(J11="","No Dependency",IFERROR(IF(_xlfn.XLOOKUP(J11,$A$2:$A1009,$H$2:$H1009)="Done","Ready","Blocked"),"Invalid Dependency")) -> Blocked
A12: T011 | B12: Prepare UAT test data | C12: User Acceptance Testing | D12: M04 | E12: 46342 | F12: 46350 | G12: UAT Lead | H12: Not Started | I12: High | J12: T009 | K12: Simulated | L12: =F12-TODAY() -> 46 | M12: =IF(H12="Done","Completed",IF(F12<TODAY(),"Overdue",IF(F12<=TODAY()+7,"Due Soon","On Track"))) -> On Track | N12: =IF(J12="","No Dependency",IFERROR(IF(_xlfn.XLOOKUP(J12,$A$2:$A1010,$H$2:$H1010)="Done","Ready","Blocked"),"Invalid Dependency")) -> Blocked
A13: T012 | B13: Run UAT cycle 1 | C13: User Acceptance Testing | D13: M04 | E13: 46349 | F13: 46358 | G13: Finance Tester | H13: Not Started | I13: Critical | J13: T010 | K13: Simulated | L13: =F13-TODAY() -> 54 | M13: =IF(H13="Done","Completed",IF(F13<TODAY(),"Overdue",IF(F13<=TODAY()+7,"Due Soon","On Track"))) -> On Track | N13: =IF(J13="","No Dependency",IFERROR(IF(_xlfn.XLOOKUP(J13,$A$2:$A1011,$H$2:$H1011)="Done","Ready","Blocked"),"Invalid Dependency")) -> Blocked
A14: T013 | B14: Triage and assign defects | C14: User Acceptance Testing | D14: M04 | E14: 46355 | F14: 46363 | G14: UAT Lead | H14: Not Started | I14: High | J14: T012 | K14: Simulated | L14: =F14-TODAY() -> 59 | M14: =IF(H14="Done","Completed",IF(F14<TODAY(),"Overdue",IF(F14<=TODAY()+7,"Due Soon","On Track"))) -> On Track | N14: =IF(J14="","No Dependency",IFERROR(IF(_xlfn.XLOOKUP(J14,$A$2:$A1012,$H$2:$H1012)="Done","Ready","Blocked"),"Invalid Dependency")) -> Blocked
A15: T014 | B15: Retest resolved defects | C15: User Acceptance Testing | D15: M04 | E15: 46361 | F15: 46367 | G15: Finance Tester | H15: Not Started | I15: Critical | J15: T013 | K15: Simulated | L15: =F15-TODAY() -> 63 | M15: =IF(H15="Done","Completed",IF(F15<TODAY(),"Overdue",IF(F15<=TODAY()+7,"Due Soon","On Track"))) -> On Track | N15: =IF(J15="","No Dependency",IFERROR(IF(_xlfn.XLOOKUP(J15,$A$2:$A1013,$H$2:$H1013)="Done","Ready","Blocked"),"Invalid Dependency")) -> Blocked
... A19: T018 | B19: Deliver training and handover | C19: Deployment & Handover | D19: M06 | E19: 46381 | F19: 46388 | G19: Operations Lead | H19: Not Started | I19: High | J19: T017 | K19: Simulated | L19: =F19-TODAY() -> 84 | M19: =IF(H19="Done","Completed",IF(F19<TODAY(),"Overdue",IF(F19<=TODAY()+7,"Due Soon","On Track"))) -> On Track | N19: =IF(J19="","No Dependency",IFERROR(IF(_xlfn.XLOOKUP(J19,$A$2:$A1017,$H$2:$H1017)="Done","Ready","Blocked"),"Invalid Dependency")) -> Blocked

Sheet Task Pivot Analysis

Sheet Task Lookup
A1: Task ID | B1: Task Name
A2: T002 | B2: {=_xlfn.XLOOKUP(A2,'Task Register'!A:A,'Task Register'!B:B,"Task not found")} -> Interview finance stakeholders
A3: T013 | B3: {=_xlfn.XLOOKUP(A3,'Task Register'!A:A,'Task Register'!B:B,"Task not found")} -> Triage and assign defects

Sheet Risk and Issue Log
A1: ID | B1: Description | C1: Type | D1: Severity | E1: Owner | F1: Mitigation / Next Action | G1: Status | H1: Milestone
A2: R01 | B2: Delayed requirements sign-off | C2: Risk | D2: High | E2: Project Manager | F2: Agree decision deadline | G2: Open | H2: M01
A3: R02 | B3: Inconsistent legacy finance definitions | C3: Risk | D3: High | E3: Data Lead | F3: Define common KPI dictionary | G3: Open | H3: M02
A4: R03 | B4: Unreconciled opening balances | C4: Issue | D4: Critical | E4: Data Lead | F4: Investigate source and mapping | G4: Open | H4: M03
A5: R04 | B5: Limited UAT tester availability | C5: Risk | D5: Medium | E5: UAT Lead | F5: Book test windows early | G5: Open | H5: M04
A6: R05 | B6: Unresolved critical defects at go-live | C6: Risk | D6: Critical | E6: Project Manager | F6: Enforce sign-off criteria | G6: Open | H6: M05

Sheet UAT Cases
A1: Test ID | B1: Scenario | C1: Expected Result | D1: Status | E1: Tester | F1: Priority | G1: Milestone | H1: Actual Result / Evidence
A2: U001 | B2: Finance totals agree with approved source | C2: Approved source totals match report totals | D2: Pass | E2: Finance Tester | F2: High | G2: M03
A3: U002 | B3: Date filter includes correct period | C3: Only selected accounting period returned | D3: Fail | E3: Finance Tester | F3: Medium | G3: M04 | H3: Simulated: Date filter returned a transaction from the previous accounting period. Linked defect D002.
A4: U003 | B4: User can export approved report | C4: Export matches visible report | D4: Not Run | E4: Finance Tester | F4: Low | G4: M04
A5: U004 | B5: Negative values display correctly | C5: Credits and reversals retain sign | D5: Not Run | E5: Finance Tester | F5: High | G5: M04
A6: U005 | B6: Missing account code flagged | C6: Exception message displayed | D6: Not Run | E6: Finance Tester | F6: High | G6: M04

Sheet Defect Register
A1: Defect ID | B1: Summary | C1: Priority | D1: Status | E1: Owner | F1: UAT Test | G1: Target Date | H1: Notes
A2: D001 | B2: Missing account mapping produces blank value | C2: High | D2: Open | E2: Data Lead | F2: U005 | G2: 2026-11-30 | H2: Simulated issue for testing
A3: D002 | B3: Date filter includes prior-period transaction | C3: Medium | D3: Open | E3: Reporting Analyst | F3: U002 | G3: 2026-12-02 | H3: Simulated issue for testing

Sheet Overview
A1: PROJECT DELIVERY CONTROL CENTRE
A3: KPI | B3: Value
A4: Total tasks | B4: =COUNTA('Task Register'!A2:A19) -> 18
A5: Tasks complete | B5: =COUNTIF('Task Register'!H2:H19,"Done") -> 1
A6: Tasks blocked | B6: =COUNTIF('Task Register'!H2:H19,"Blocked") -> 0
A7: Tasks in progress | B7: =COUNTIF('Task Register'!H2:H19,"In Progress") -> 3
A8: Open risks/issues | B8: =COUNTIF('Risk and Issue Log'!G2:G6,"Open") -> 5
A9: UAT cases not run | B9: =COUNTIF('UAT Cases'!D2:D6,"Not Run") -> 3
A11: Workstream | B11: Tasks | C11: Completed | D11: Completion %
A12: Requirements & Planning | B12: =COUNTIF('Task Register'!C2:C19,A12) -> 4 | C12: =COUNTIFS('Task Register'!C2:C19,A12,'Task Register'!H2:H19,"Done") -> 1 | D12: =IFERROR(C12/B12,0) -> 0.25
A13: Data & Reporting | B13: =COUNTIF('Task Register'!C2:C19,A13) -> 5 | C13: =COUNTIFS('Task Register'!C2:C19,A13,'Task Register'!H2:H19,"Done") -> 0 | D13: =IFERROR(C13/B13,0) -> 0
A14: User Acceptance Testing | B14: =COUNTIF('Task Register'!C2:C19,A14) -> 5 | C14: =COUNTIFS('Task Register'!C2:C19,A14,'Task Register'!H2:H19,"Done") -> 0 | D14: =IFERROR(C14/B14,0) -> 0
A15: Deployment & Handover | B15: =COUNTIF('Task Register'!C2:C19,A15) -> 4 | C15: =COUNTIFS('Task Register'!C2:C19,A15,'Task Register'!H2:H19,"Done") -> 0 | D15: =IFERROR(C15/B15,0) -> 0
A17: Important | B17: This is a simulated training portfolio, not real NEXT data
A18: Google Sheets | B18: After import, implement QUERY / XLOOKUP / pivot tables and test results

Sheet Delivery Analysis
A1: =IFERROR(__xludf.DUMMYFUNCTION("QUERY('Task Register'!A1:Z1000, ""SELECT H, COUNT(A) WHERE H IS NOT NULL GROUP BY H LABEL H 'Task Status', COUNT(A) 'Number of Tasks'"", 1)"),"Task Status") -> Task Status | B1: =IFERROR(__xludf.DUMMYFUNCTION("""COMPUTED_VALUE"""),"Number of Tasks") -> Number of Tasks
A2: =IFERROR(__xludf.DUMMYFUNCTION("""COMPUTED_VALUE"""),"Done") -> Done | B2: =IFERROR(__xludf.DUMMYFUNCTION("""COMPUTED_VALUE"""),1.0) -> 1
A3: =IFERROR(__xludf.DUMMYFUNCTION("""COMPUTED_VALUE"""),"In Progress") -> In Progress | B3: =IFERROR(__xludf.DUMMYFUNCTION("""COMPUTED_VALUE"""),3.0) -> 3
A4: =IFERROR(__xludf.DUMMYFUNCTION("""COMPUTED_VALUE"""),"Not Started") -> Not Started | B4: =IFERROR(__xludf.DUMMYFUNCTION("""COMPUTED_VALUE"""),14.0) -> 14

Sheet Delivery Dashboard
A1: Project Delivery Dashboard
A3: Total Tasks | B3: =COUNTA('Task Register'!A2:A1000) -> 18
A4: Completed | B4: =COUNTIF('Task Register'!H2:H1000,"Done") -> 1
A5: In Progress | B5: =COUNTIF('Task Register'!H2:H1000,"In Progress") -> 3
A6: Not Started | B6: =COUNTIF('Task Register'!H2:H1000,"Not Started") -> 14
A7: Overdue | B7: =COUNTIF('Task Register'!M2:M1000,"Overdue") -> 0
A8: Due Soon | B8: =COUNTIF('Task Register'!M2:M1000,"Due Soon") -> 0
A9: Completion Rate | B9: =IFERROR(B4/B3,0) -> 0.055555556
A11: Critical Tasks | B11: =COUNTIFS('Task Register'!I2:I1000,"Critical",'Task Register'!H2:H1000,"<>Done") -> 6
A12: High Priority Tasks | B12: =COUNTIFS('Task Register'!I2:I1000,"High",'Task Register'!H2:H1000,"<>Done") -> 11
A13: Open Risks & Issues | B13: =COUNTIF('Risk and Issue Log'!G2:G1000,"Open") -> 5
A14: Open Critical Risks & Issues | B14: =COUNTIFS('Risk and Issue Log'!D2:D1000,"Critical",'Risk and Issue Log'!G2:G1000,"Open") -> 2
A16: Severity | B16: Open Items
A17: Critical | B17: =COUNTIFS('Risk and Issue Log'!D$2:D1000,A17,'Risk and Issue Log'!G$2:G1000,"Open") -> 2
A18: High | B18: =COUNTIFS('Risk and Issue Log'!D$2:D1000,A18,'Risk and Issue Log'!G$2:G1000,"Open") -> 2
A19: Medium | B19: =COUNTIFS('Risk and Issue Log'!D$2:D1000,A19,'Risk and Issue Log'!G$2:G1000,"Open") -> 1
A22: Project Management Summary
A24: Project completion is currently 5.56%, with 1 of 18 tasks completed.
A25: Five risks and issues remain open, including two critical items.
A26: Priority attention is required for opening-balance reconciliation and critical defect resolution before go-live.
A27: Recommended next steps are to confirm owners, investigate outstanding issues and monitor milestone dependencies.
A30: UAT Testing Summary | D30: Defect Management | G30: Release Readiness
A32: Total Test Cases | B32: =COUNTA('UAT Cases'!A2:A1000) -> 5 | D32: Total Defects | E32: =COUNTA('Defect Register'!A2:A1000) -> 2 | G32: Go-Live Decision | H32: =IF(AND(B35=0,B34=0,E33=0,B14=0),"READY FOR REVIEW","NOT READY") -> NOT READY
A33: Passed | B33: =COUNTIF('UAT Cases'!D2:D1000,"Pass") -> 1 | D33: Open Defects | E33: =COUNTIF('Defect Register'!D2:D1000,"Open") -> 2
A34: Failed | B34: =COUNTIF('UAT Cases'!D2:D1000,"Fail") -> 1 | D34: Open High-Priority Defects | E34: =COUNTIFS('Defect Register'!C2:C1000,"High",'Defect Register'!D2:D1000,"Open") -> 1
A35: Not Run | B35: =COUNTIF('UAT Cases'!D2:D1000,"Not Run") -> 3
A36: Pass Rate | B36: =IFERROR(B33/(B33+B34),0) -> 0.5
A39: Release Blockers | D39: Dependency Summary
A41: UAT Tests Not Run | B41: =B35 -> 3 | D41: Blocked Tasks | E41: =COUNTIF('Task Register'!N2:N1000,"Blocked") -> 15 | G41: Blocked Critical Tasks | H41: =COUNTIFS('Task Register'!N2:N1000,"Blocked",'Task Register'!I2:I1000,"Critical") -> 6
A42: Failed UAT Tests | B42: =B34 -> 1 | D42: Ready Tasks | E42: =COUNTIF('Task Register'!N2:N1000,"Ready") -> 1
A43: Open Defects | B43: =E33 -> 2 | D43: Tasks without Dependencies | E43: =COUNTIF('Task Register'!N2:N1000,"No Dependency") -> 2
A44: Open Critical Risks & Issues | B44: =B14 -> 2
A47: =IF(H32="READY FOR REVIEW", "All automated release checks passed. Awaiting formal approval.", "Release blocked: "&TEXTJOIN("; ",TRUE, IF(B41>0,B41&" UAT tests not run",""), IF(B42>0,B42&" failed UAT test",""), IF(B43>0,B43&" open defects",""), IF(B44>0,B44&" open critical risks/issues",""))) -> Release blocked: 3 UAT tests not run; 1 failed UAT test; 2 open defects; 2 open critical risks/issues

Sheet Priority Action List
A1: =IFERROR(__xludf.DUMMYFUNCTION("QUERY('Task Register'!A1:N1000, ""select A,B,G,I,F,J,N where N = 'Blocked' and I = 'Critical' order by F asc label A 'Task ID', B 'Task', G 'Owner', I 'Priority', F 'Due Date', J 'Waiting On', N 'Dependency Status'"",1)"),"Task ID") -> Task ID | B1: =IFERROR(__xludf.DUMMYFUNCTION("""COMPUTED_VALUE"""),"Task") -> Task | C1: =IFERROR(__xludf.DUMMYFUNCTION("""COMPUTED_VALUE"""),"Owner") -> Owner | D1: =IFERROR(__xludf.DUMMYFUNCTION("""COMPUTED_VALUE"""),"Priority") -> Priority | E1: =IFERROR(__xludf.DUMMYFUNCTION("""COMPUTED_VALUE"""),"Due Date") -> Due Date | F1: =IFERROR(__xludf.DUMMYFUNCTION("""COMPUTED_VALUE"""),"Waiting On") -> Waiting On | G1: =IFERROR(__xludf.DUMMYFUNCTION("""COMPUTED_VALUE"""),"Dependency Status") -> Dependency Status
A2: =IFERROR(__xludf.DUMMYFUNCTION("""COMPUTED_VALUE"""),"T004") -> T004 | B2: =IFERROR(__xludf.DUMMYFUNCTION("""COMPUTED_VALUE"""),"Approve scope and acceptance criteria") -> Approve scope and acceptance criteria | C2: =IFERROR(__xludf.DUMMYFUNCTION("""COMPUTED_VALUE"""),"Project Manager") -> Project Manager | D2: =IFERROR(__xludf.DUMMYFUNCTION("""COMPUTED_VALUE"""),"Critical") -> Critical | E2: =IFERROR(__xludf.DUMMYFUNCTION("""COMPUTED_VALUE"""),46318.0) -> 46318 | F2: =IFERROR(__xludf.DUMMYFUNCTION("""COMPUTED_VALUE"""),"T003") -> T003 | G2: =IFERROR(__xludf.DUMMYFUNCTION("""COMPUTED_VALUE"""),"Blocked") -> Blocked
A3: =IFERROR(__xludf.DUMMYFUNCTION("""COMPUTED_VALUE"""),"T006") -> T006 | B3: =IFERROR(__xludf.DUMMYFUNCTION("""COMPUTED_VALUE"""),"Prepare source-to-target mapping") -> Prepare source-to-target mapping | C3: =IFERROR(__xludf.DUMMYFUNCTION("""COMPUTED_VALUE"""),"Data Lead") -> Data Lead | D3: =IFERROR(__xludf.DUMMYFUNCTION("""COMPUTED_VALUE"""),"Critical") -> Critical | E3: =IFERROR(__xludf.DUMMYFUNCTION("""COMPUTED_VALUE"""),46327.0) -> 46327 | F3: =IFERROR(__xludf.DUMMYFUNCTION("""COMPUTED_VALUE"""),"T005") -> T005 | G3: =IFERROR(__xludf.DUMMYFUNCTION("""COMPUTED_VALUE"""),"Blocked") -> Blocked
A4: =IFERROR(__xludf.DUMMYFUNCTION("""COMPUTED_VALUE"""),"T009") -> T009 | B4: =IFERROR(__xludf.DUMMYFUNCTION("""COMPUTED_VALUE"""),"Reconcile balances and totals") -> Reconcile balances and totals | C4: =IFERROR(__xludf.DUMMYFUNCTION("""COMPUTED_VALUE"""),"Data Lead") -> Data Lead | D4: =IFERROR(__xludf.DUMMYFUNCTION("""COMPUTED_VALUE"""),"Critical") -> Critical | E4: =IFERROR(__xludf.DUMMYFUNCTION("""COMPUTED_VALUE"""),46346.0) -> 46346 | F4: =IFERROR(__xludf.DUMMYFUNCTION("""COMPUTED_VALUE"""),"T008") -> T008 | G4: =IFERROR(__xludf.DUMMYFUNCTION("""COMPUTED_VALUE"""),"Blocked") -> Blocked
A5: =IFERROR(__xludf.DUMMYFUNCTION("""COMPUTED_VALUE"""),"T012") -> T012 | B5: =IFERROR(__xludf.DUMMYFUNCTION("""COMPUTED_VALUE"""),"Run UAT cycle 1") -> Run UAT cycle 1 | C5: =IFERROR(__xludf.DUMMYFUNCTION("""COMPUTED_VALUE"""),"Finance Tester") -> Finance Tester | D5: =IFERROR(__xludf.DUMMYFUNCTION("""COMPUTED_VALUE"""),"Critical") -> Critical | E5: =IFERROR(__xludf.DUMMYFUNCTION("""COMPUTED_VALUE"""),46358.0) -> 46358 | F5: =IFERROR(__xludf.DUMMYFUNCTION("""COMPUTED_VALUE"""),"T010") -> T010 | G5: =IFERROR(__xludf.DUMMYFUNCTION("""COMPUTED_VALUE"""),"Blocked") -> Blocked
A6: =IFERROR(__xludf.DUMMYFUNCTION("""COMPUTED_VALUE"""),"T014") -> T014 | B6: =IFERROR(__xludf.DUMMYFUNCTION("""COMPUTED_VALUE"""),"Retest resolved defects") -> Retest resolved defects | C6: =IFERROR(__xludf.DUMMYFUNCTION("""COMPUTED_VALUE"""),"Finance Tester") -> Finance Tester | D6: =IFERROR(__xludf.DUMMYFUNCTION("""COMPUTED_VALUE"""),"Critical") -> Critical | E6: =IFERROR(__xludf.DUMMYFUNCTION("""COMPUTED_VALUE"""),46367.0) -> 46367 | F6: =IFERROR(__xludf.DUMMYFUNCTION("""COMPUTED_VALUE"""),"T013") -> T013 | G6: =IFERROR(__xludf.DUMMYFUNCTION("""COMPUTED_VALUE"""),"Blocked") -> Blocked
A7: =IFERROR(__xludf.DUMMYFUNCTION("""COMPUTED_VALUE"""),"T016") -> T016 | B7: =IFERROR(__xludf.DUMMYFUNCTION("""COMPUTED_VALUE"""),"Obtain business sign-off") -> Obtain business sign-off | C7: =IFERROR(__xludf.DUMMYFUNCTION("""COMPUTED_VALUE"""),"Project Manager") -> Project Manager | D7: =IFERROR(__xludf.DUMMYFUNCTION("""COMPUTED_VALUE"""),"Critical") -> Critical | E7: =IFERROR(__xludf.DUMMYFUNCTION("""COMPUTED_VALUE"""),46374.0) -> 46374 | F7: =IFERROR(__xludf.DUMMYFUNCTION("""COMPUTED_VALUE"""),"T014") -> T014 | G7: =IFERROR(__xludf.DUMMYFUNCTION("""COMPUTED_VALUE"""),"Blocked") -> Blocked
